<?xml version="1.0" encoding="UTF-8" standalone="yes"?>
<!--
    CoolKodiDork Batch Installer Manifest File
    
-->
<installer>
    <!--
        Addons is a required container for a list of addon username and addon_id pairs.
        Each container requires both pairs.
    -->
    <addons>
        <addon>
            <addon_id>plugin.video.exodus</addon_id>
            <username>kodil</username>
        </addon>
        <addon>
            <addon_id>plugin.video.ccloudtv</addon_id>
            <username>kodil</username>
        </addon>
        <addon>
            <addon_id>plugin.video.gurzil</addon_id>
            <username>kodil</username>
        </addon>
        <addon>
            <addon_id>repository.colossus</addon_id>
            <username>covenantkodi</username>
        </addon>
        <addon>
            <addon_id>plugin.video.covenant</addon_id>
            <username>covenantkodi</username>
        </addon>
        <addon>
            <addon_id>plugin.video.neptune</addon_id>
            <username>mrblamo</username>
        </addon>
        <addon>
            <addon_id>plugin.video.genesisreborn</addon_id>
            <username>jesusboxrepo</username>
        </addon>
        <addon>
            <addon_id>plugin.video.iceposeidon</addon_id>
            <username>attad057</username>
        </addon>
    </addons>
</installer>
